delete	f13e33bdf4f24460	ok	True
delete	1519c77df7804459	ok	True
delete	7aadf48053a644ac	ok	True
delete	72337b9bc35c4914	ok	True
delete	3962735a58884f48	ok	True
delete	82315564d9b34236	ok	True
delete	432338e714c44c0b	ok	True
delete	a0b0f13c41294cce	ok	True
delete	e2e79a3f3dfa4466	ok	True
delete	842ca7dd396d40fe	ok	True
delete	fa716a8d2fb045e4	ok	True
delete	bf78b322bf984630	ok	True
delete	504b78fe0f1e4e1a	ok	True
delete	7ff8d4a5675d40a9	ok	True
delete	6425e47a9d3f4ac0	ok	True
delete	08606d0264544663	ok	True
delete	2ef8efdae0ae45c4	ok	True
delete	943ba2ecf1064aad	ok	True
delete	5555e7e2ad104843	ok	True
delete	4f74ebb2bbb84231	ok	True
delete	0d5ebb9f22694f34	ok	True
delete	3fe01d4acb824af1	ok	True
delete	bcebb68e3eaf4c8b	ok	True
delete	cb264f3520ae4cf4	ok	True
delete	743e876f7bde4e84	ok	True
delete	ee439e2ece3549d1	ok	True
delete	6c7e0bc55ff34c84	ok	True
delete	d80c8d4d5dde4e99	ok	True
delete	ef4317aa2cd24121	ok	True
delete	1cc0bdc361ea405d	ok	True
delete	26ef497d51ee4ecf	ok	True
delete	ba4180db37f443f8	ok	True
delete	e5d50000ba5c4fe3	ok	True
delete	15e11616f70047d7	ok	True
delete	13fb4be47934495a	ok	True
delete	63caa4dc266b464e	ok	True
delete	93c14906020f423f	ok	True
delete	b99800bdbe1b49a4	ok	True
delete	3c7ba425f83c4de5	ok	True
delete	53e9804635484ddb	ok	True
delete	9fc0e294836a46e6	ok	True
delete	ca90a0b428c8439a	ok	True
delete	fd9eb6ddc8704ea4	ok	True
delete	ace0bed0e9b84f98	ok	True
delete	47d9ea860dcf4609	ok	True
delete	af480cce76e741a8	ok	True
delete	d2f5964db95b43b2	ok	True
delete	d5c877effad544e6	ok	True
delete	161307182f4d4698	ok	True
delete	96c7def2b9bd4c72	ok	True
delete	287e3373344d4fc6	ok	True
delete	02788348732f4f79	ok	True
delete	ac1432c197c64e6a	ok	True
delete	b5ac2bf2ef444e62	ok	True
delete	e7e416eb26b84a7f	ok	True
delete	325bf219e6e0499c	ok	True
delete	cd4bb83867a54671	ok	True
delete	6209aed7019047ab	ok	True
delete	f72cd07e532942ea	ok	True
delete	d9dd089b7bbd4c47	ok	True
delete	623fc6e7bfcb4d72	ok	True
delete	a665463025e64b82	ok	True
delete	7846ab48e26d452f	ok	True
delete	292323e86a204be2	ok	True
delete	2b2fa9415eef40b1	ok	True
delete	7a48099c723743e8	ok	True
delete	360ac1af518f4270	ok	True
delete	b7b838652f164fe2	ok	True
delete	941c40546041427e	ok	True
delete	6032f9ed1e3147b3	ok	True
delete	f4e86f1c5ed149a0	ok	True
delete	98fb3c04612e4968	ok	True
delete	3404953fceea4c25	ok	True
delete	a59f43c4cd0e401d	ok	True
delete	fac7e7784dbb43fd	ok	True
delete	ef77f508fbaf4395	ok	True
delete	761309f57f064073	ok	True
delete	dcba7b011b57477f	ok	True
delete	b15d41cdf7e044a4	ok	True
delete	824f09b5f4244fea	ok	True
delete	cd3b8cae60134403	ok	True
delete	d27f243f9dbd4fc8	ok	True
delete	e6570c29eec44e5b	ok	True
delete	30d51a9a79b34853	ok	True
delete	516755e1fa634218	ok	True
delete	53379e4e90d445af	ok	True
delete	9b5d131ec50647e9	ok	True
delete	d1301ef05b4746d9	ok	True
delete	ca5de0dd777f4ff0	ok	True
delete	26a419f0a68949ce	ok	True
delete	f7b5e89836424211	ok	True
delete	4a21cdd9363a4b41	ok	True
delete	1918673473034a07	ok	True
delete	75027a0c43a94f4a	ok	True
delete	4ec79ec897024338	ok	True
delete	535c3d09d75a4304	ok	True
delete	74f232c0ab594f08	ok	True
delete	7f845d74bb63438e	ok	True
delete	43167bc7a9f146a1	ok	True
delete	01c648f8795c43c1	ok	True
delete	b2741044aed54137	ok	True
delete	277f12de299d4189	ok	True
delete	108c9967da834323	ok	True
delete	97ac52713fd14e89	ok	True
delete	3b9e854309304330	ok	True
delete	7214ecfdd3894df4	ok	True
delete	16f5e813172542dc	ok	True
delete	e0916fb89d0f417c	ok	True
delete	799fe0c0a71f494f	ok	True
delete	b69c2b196c2b4de8	ok	True
delete	a0d6a75e56c84b07	ok	True
delete	f07dc7933e354330	ok	True
delete	4ba3c81df9914dd9	ok	True
delete	956a86b7d935440b	ok	True
delete	144b93a33f224371	ok	True
delete	f7c7d41fecf64508	ok	True
delete	ef3abd0982b04e0b	ok	True
delete	caea424b622443e1	ok	True
delete	390b66fc6bd84be8	ok	True
delete	e0de33eb510f4908	ok	True
delete	be928544ea3d41a5	ok	True
delete	6fe19378bba34ddf	ok	True
delete	25b7e9dc6877464d	ok	True
delete	a0b0f975900a4688	ok	True
delete	07e48c073f7f4051	ok	True
delete	ac43a5537ad1488c	ok	True
delete	534f499ff24846f9	ok	True
delete	a560cc51e58e4d09	ok	True
delete	c63f34b476774a4a	ok	True
delete	c12c5d71dbb347fb	ok	True
delete	6c13ba73ba8e4aaa	ok	True
delete	36f032a8c73d46f2	ok	True
delete	ecf23dfdc1c74adb	ok	True
delete	6f8ec30629e141a0	ok	True
delete	e155ceb03aab4f85	ok	True
delete	d17199363a5a4194	ok	True
delete	a1aeb5f352d94ca4	ok	True
delete	a5ab4522f8d845eb	ok	True
delete	a6bcde1df8d444c4	ok	True
delete	772cd2a76dff4b02	ok	True
delete	44b402f521504abb	ok	True
delete	4fe812f0347e4d5b	ok	True
delete	5bb5bef9d036454a	ok	True
delete	1c34884e5e6f465b	ok	True
delete	ae769924bcd24bf8	ok	True
delete	42c570b7c43a404c	ok	True
delete	8920818213e14eeb	ok	True
delete	93262c5716f54f37	ok	True
delete	daf53b3848a04d49	ok	True
delete	e045b762a9ba4d54	ok	True
delete	e7f86a0902834c01	ok	True
delete	8418e30036204981	ok	True
delete	17b769e3e23e4fe8	ok	True
delete	6a5ab086d1ea4d7f	ok	True
delete	45da477a9939466c	ok	True
delete	f9517715faa24e46	ok	True
delete	7d65d6c9ce4e49a0	ok	True
delete	96d928d3efd940a9	ok	True
delete	5df5729719a044fd	ok	True
delete	893ec0f31da84856	ok	True
delete	e0fa815e810b4196	ok	True
delete	695d77749ed44ac1	ok	True
delete	30cfedc15a4f40b1	ok	True
delete	389bafa7cdf741e6	ok	True
delete	67e8a5747de94e94	ok	True
delete	4f26cd12e2f34d72	ok	True
delete	214d57bd6db44f6f	ok	True
delete	dc29300e9f4b4ba0	ok	True
delete	725dca9103fa445c	ok	True
delete	ac5c7cb7e33146e7	ok	True
delete	01db3ddcf5b94e2c	ok	True
delete	dc036365c3cd4cc8	ok	True
delete	cef336a873d84487	ok	True
delete	2be867d616bc4b12	ok	True
delete	43ba49c31eb54841	ok	True
delete	8ffa46815176480e	ok	True
delete	02d331b7edd140c1	ok	True
delete	9c300a830f62453a	ok	True
delete	6c8b7e8d7a4b418f	ok	True
delete	851eab12a7a740f5	ok	True
delete	2e1354cb65c14652	ok	True
delete	dc672092e7fa4a0a	ok	True
delete	2f8db8cf4f6447de	ok	True
delete	df73edbae0eb4189	ok	True
delete	f33b30e4dc3440ae	ok	True
delete	6ad5a64acb124604	ok	True
delete	566cb175fcc64d47	ok	True
delete	6430c9ef2f314a76	ok	True
delete	0806e7b81e364212	ok	True
delete	70d5379f3685459b	ok	True
delete	8cde6f4816b344f1	ok	True
delete	b64d2928b9724e3c	ok	True
delete	32484a8f745e4fd1	ok	True
delete	890f47847b3242b0	ok	True
delete	c20ffadd9bb04826	ok	True
delete	a070d53e9e354373	ok	True
delete	4d4f977fc3b24b17	ok	True
delete	b7a7c1241a1d494d	ok	True
delete	709fa51eea404dcf	ok	True
delete	749510c4324c437a	ok	True
delete	b5da7afe2ac34794	ok	True
delete	9ee94faa3f6f4127	ok	True
delete	011a131074244743	ok	True
delete	182029c494344ba7	ok	True
delete	597cdff27687403e	ok	True
delete	76055b90544545d4	ok	True
delete	8cc5833befea4f94	ok	True
delete	b2e93669a58c4c31	ok	True
delete	e61db638d414408d	ok	True
delete	b2c10a1702d3495e	ok	True
delete	f9a5f9b9a3e94e2f	ok	True
delete	31704cbcd2a543fb	ok	True
delete	c9d33042865941db	ok	True
delete	b80ed6c9e8d446f5	ok	True
delete	309f4588fdb4405c	ok	True
delete	4b51c91e2d8c479c	ok	True
delete	da4b3da668a84c34	ok	True
delete	63fd8a7ded564b02	ok	True
delete	dd98b38746ac40df	ok	True
delete	ab3e8f404056463c	ok	True
delete	a780dc270d8f475e	ok	True
delete	b7c1eca943e449f1	ok	True
delete	17ab9bb6e22c46e5	ok	True
delete	6c6de06a67be4cb1	ok	True
delete	a680c5e577bb48c1	ok	True
delete	7abff9805c8a4c64	ok	True
delete	d15a51c16e984e57	ok	True
delete	e43c1a5bdf9f4bb3	ok	True
delete	9121b72cdf7f4b84	ok	True
delete	252d987fdaeb4652	ok	True
delete	9541345815f04b3a	ok	True
delete	f7973968e80c40ce	ok	True
delete	d56d2a8f6db54930	ok	True
delete	e02b667006f84b36	ok	True
delete	23e27b88c87047b3	ok	True
delete	02943d84c65b4a24	ok	True
delete	f96d476951224acc	ok	True
delete	f631c85106294fec	ok	True
delete	5e25b71956ea4a16	ok	True
delete	bd1ae3173cda4c15	ok	True
delete	b99c16d3f002497e	ok	True
delete	3837cb4da777417b	ok	True
delete	7be6497f14e541ba	ok	True
delete	e6723b38dfcf47ad	ok	True
delete	38334d3f08924b9d	ok	True
delete	1f397b3b4c4b482d	ok	True
delete	90acf64a0ef14b30	ok	True
delete	2946e7c9d73e44bc	ok	True
delete	99704c67d3e54cc9	ok	True
delete	3b0979c6a6a2425e	ok	True
delete	f9dc8d04ef9c4b25	ok	True
delete	73e262f897534007	ok	True
delete	80881950545c4cea	ok	True
delete	2ed29bfc8144438b	ok	True
delete	4251c30e83db43c3	ok	True
delete	70471c682e284771	ok	True
delete	92ea6044e0674b92	ok	True
delete	a74f4569ed354284	ok	True
delete	a6f75644c0bb4297	ok	True
delete	0045297bb2164e0e	ok	True
delete	2b358fd6887c4808	ok	True
delete	01ebc2d82ed44f86	ok	True
delete	0b1cda9849b34668	ok	True
delete	ce4df360b54d46ee	ok	True
delete	de54c4486ab24681	ok	True
delete	b6b31efb1cfd4277	ok	True
delete	0725367277424301	ok	True
delete	6302b4976c004447	ok	True
delete	48d049afb80d4bda	ok	True
delete	e42a8be80b4c48e2	ok	True
delete	eef2d273146042d0	ok	True
delete	e510b5da4d184333	ok	True
delete	fd8290d5bbb1463d	ok	True
delete	584e9ffc5a2a44c4	ok	True
delete	0f082b4f49e04782	ok	True
delete	5321d86801c247a0	ok	True
delete	5c17d2c3e1c64b06	ok	True
delete	e54570f5d3b040c4	ok	True
delete	a5034c8395a746cb	ok	True
delete	325df974c1b34ad2	ok	True
delete	be0884537b0b4173	ok	True
delete	6963f24c92654c78	ok	True
delete	164518f5ab524b69	ok	True
delete	bc96bc8397b04f43	ok	True
delete	9dd956d50cd249b4	ok	True
delete	120f87f78e584f7b	ok	True
delete	1a3ae5c197ec45b0	ok	True
delete	4fea47a832a74f68	ok	True
merge	ce40c0cd61e64383	9b343c2c0d34441e	ok
merge	6301842219c0458c	a7a931302dfe43d3	ok
merge	30799ecd6dba473b	a7a931302dfe43d3	ok
merge	e8893ea27821495c	a7a931302dfe43d3	ok
merge	e2cd25ae66774a66	4677e08d6af7460f	ok
merge	25bf519d59f643cc	7a5783769f274831	ok
merge	8c80cd875a46446e	7a5783769f274831	ok
merge	f489b427ce0f44b4	44f349f5ca194fbb	ok
merge	1de13456f4e34f6d	44f349f5ca194fbb	ok
merge	9d942ac5ea6144d3	4677e08d6af7460f	ok
merge	1456ca0904e0460d	8fd22fc64dee41c6	ok
merge	1ebd63b757da4c68	44f349f5ca194fbb	ok
merge	c94a49808ba64f54	44f349f5ca194fbb	ok
merge	f8a5617c4a7c4dd5	44f349f5ca194fbb	ok
merge	d090904476fa4691	9b343c2c0d34441e	ok
merge	59502e32116842d0	f5b67645c1a2402e	ok
merge	4f864dde70944977	f5b67645c1a2402e	ok
merge	3e0befe7d45e4a8f	73771974f104419b	ok
merge	e5d902e049ca417f	f5b67645c1a2402e	ok
merge	18503a243abd46fb	45abc0586d5e44db	ok
merge	7823cd12ffa641af	f5b67645c1a2402e	ok
merge	7ec9d8da13df4748	9b343c2c0d34441e	ok
merge	9cd8d36bebc0429a	9b343c2c0d34441e	ok
merge	1c4da4a52dac43ce	f5b67645c1a2402e	ok
merge	7d497c6d2c8642fe	01b1dfab1bce485c	ok
merge	9fbec2dcf1e94487	8fd22fc64dee41c6	ok
merge	95c3de03eb634513	fd2444c3435a4e1d	ok
merge	8b6cc5d238d44eed	fd2444c3435a4e1d	ok
merge	fd51a02a295d4cb0	e6cb6fbcb8c64425	ok
merge	de7c229db5194213	0a3cd266fd3e4d3c	ok
merge	42c0239862be4d45	7a5783769f274831	ok
merge	89f938a55bd14b13	01b1dfab1bce485c	ok
merge	e1252e1a2fc441a5	8fd22fc64dee41c6	ok
merge	68e6996cec5340df	a7a931302dfe43d3	ok
merge	87271de3ed2540a1	a7a931302dfe43d3	ok
merge	bbd44da61f054cd2	a7a931302dfe43d3	ok
merge	99c85b93fa284db5	a7a931302dfe43d3	ok
merge	7450de34630047e9	a7a931302dfe43d3	ok
merge	8d7e81cae4774c5c	bbac666d6dab4cd4	ok
merge	c291e8044efa4ddc	0a3cd266fd3e4d3c	ok
merge	0e632620ca6f4e85	0a3cd266fd3e4d3c	ok
merge	d1aa7d2151874045	73771974f104419b	ok
merge	c65f4dd20aab4939	eedbace9f79f45b8	ok
merge	135ba327ec564c24	42916ddf31ad4deb	ok
merge	45f454043d3f4cbf	01b1dfab1bce485c	ok
merge	51f62178823141bb	44f349f5ca194fbb	ok
merge	ba705bd3bc744b31	44f349f5ca194fbb	ok
merge	627c31f3d42a4041	01b1dfab1bce485c	ok
merge	5cbfbb5b906344be	9b343c2c0d34441e	ok
merge	a5e9209a3a0c4a85	44f349f5ca194fbb	ok
merge	c025e30c2b66488f	9b343c2c0d34441e	ok
merge	8088d66ee7a14559	9b343c2c0d34441e	ok
merge	fba27b218e254378	0a3cd266fd3e4d3c	ok
merge	d8f12c2ca09749fa	8065ac5a4e6d42a2	ok
merge	52c6209cc03a45d2	a7a931302dfe43d3	ok
merge	88d41c39d6d94cca	44f349f5ca194fbb	ok
merge	a317d72c30204459	fd2444c3435a4e1d	ok
merge	cc474833dc394499	fd2444c3435a4e1d	ok
merge	64965673bdc74df0	fd2444c3435a4e1d	ok
merge	64fdd270fafd4b43	fd2444c3435a4e1d	ok
merge	564075969a3a44e5	44f349f5ca194fbb	ok
merge	77377802eb9b4a1b	01b1dfab1bce485c	ok
merge	60a96bc50f714ddd	01b1dfab1bce485c	ok
merge	b960798f28a146bb	01b1dfab1bce485c	ok
merge	5297b0b736734c8d	fd2444c3435a4e1d	ok
merge	d96aaf1698724feb	25c9915b11ba49af	ok
merge	413e7e299cd3463d	42916ddf31ad4deb	ok
merge	ae36031b8b684ddb	42916ddf31ad4deb	ok
merge	06c74e22ae90441a	42916ddf31ad4deb	ok
merge	0de5a5ad01bf4d73	e6cb6fbcb8c64425	ok
merge	caceeae70711456b	646f2824297b4dea	ok
merge	b03d6069c6664701	42916ddf31ad4deb	ok
merge	4d22c1926da54d6e	42916ddf31ad4deb	ok
merge	c81c309e03c94bf3	42916ddf31ad4deb	ok
merge	396ce14127a84bb4	42916ddf31ad4deb	ok
merge	1ebf8313222645fa	edc2e0e65a8b44b8	ok
merge	4264cb937f9f487b	edc2e0e65a8b44b8	ok
merge	904436dbf9324351	e6cb6fbcb8c64425	ok
merge	3d7cd922d5904c67	143e542460204af8	ok
merge	6d9101092cd04555	45abc0586d5e44db	ok
merge	ce76b0f140cb444a	45abc0586d5e44db	ok
merge	1bcad7f14ecb42cc	75b4df403fd6417d	ok
merge	debca378e64c4d5b	7a5783769f274831	ok
merge	9abf9346eef74b67	7a5783769f274831	ok
merge	5d821b3fe63b482a	7a5783769f274831	ok
merge	c1e6bce679834f4e	8fd22fc64dee41c6	ok
merge	a91e1c09e5f246e0	a7a931302dfe43d3	ok
merge	1ac1f5af73734b6a	a7a931302dfe43d3	ok
merge	2cb63b0c6c2848ec	a7a931302dfe43d3	ok
merge	f64a79260b4948d9	a7a931302dfe43d3	ok
merge	c4fe4e68d3b44a05	a7a931302dfe43d3	ok
merge	da895940fe7a48e1	a7a931302dfe43d3	ok
merge	62a209bbf0ea4a25	a7a931302dfe43d3	ok
merge	a283531d5b214d05	a7a931302dfe43d3	ok
merge	303bcd5ab9ff44fc	fd2444c3435a4e1d	ok
merge	18813ee0284a4eab	44f349f5ca194fbb	ok
merge	23c93edd60044b9b	25c9915b11ba49af	ok
merge	615b364cc2b546ae	44f349f5ca194fbb	ok
merge	d9c792ca3d704dfd	fd2444c3435a4e1d	ok
merge	a508035a5c2e4f7e	fd2444c3435a4e1d	ok
merge	cf4638a20327415d	fd2444c3435a4e1d	ok
merge	970cd766e44b4b03	fd2444c3435a4e1d	ok
merge	51c6d23ad2f84c80	fd2444c3435a4e1d	ok
merge	32e84c351cfb496c	fd2444c3435a4e1d	ok
merge	8fdf1cf7595f4546	fd2444c3435a4e1d	ok
merge	609fbd8b74314f3e	fd2444c3435a4e1d	ok
merge	a530d6fc13f74b89	fd2444c3435a4e1d	ok
merge	05d235268c694ee3	fd2444c3435a4e1d	ok
merge	e734176cac884831	fd2444c3435a4e1d	ok
merge	c4542a04c13d42a9	fd2444c3435a4e1d	ok
merge	604d2562d7b44d34	bbac666d6dab4cd4	ok
merge	2b063774c0e54755	fd2444c3435a4e1d	ok
merge	ee24a025e33040fc	bb3ff4b7ac7a44f0	ok
merge	9ae327d036df4123	4677e08d6af7460f	ok
merge	2a377083f7e1432f	73771974f104419b	ok
merge	c51830b4790548c9	8fd22fc64dee41c6	ok
merge	ca03ecf6897b4699	a7a931302dfe43d3	ok
merge	7ddae5cb139c4d8e	73771974f104419b	ok
merge	72f952e375ac4e73	fd2444c3435a4e1d	ok
merge	b6f13e752c604603	fd2444c3435a4e1d	ok
merge	d40c726d9e834a1c	edc2e0e65a8b44b8	ok
merge	d851d9cc71ac4d01	b104750abc5c4c02	ok
merge	6804ef97dd4b4744	45abc0586d5e44db	ok
merge	b6acbecdd83c4196	45abc0586d5e44db	ok
merge	7ed80849e30843e1	4677e08d6af7460f	ok
merge	d1f38cb8a2914849	7a5783769f274831	ok
merge	86f84d1388824488	7a5783769f274831	ok
merge	45879b36ad8b4d33	a4311ba3ee4947e2	ok
merge	158f8d19055640b4	7a5783769f274831	ok
merge	f13ed9e398d949d2	42916ddf31ad4deb	ok
merge	154709da06e34887	7a5783769f274831	ok
merge	e9c5c43cdf0b4f40	42916ddf31ad4deb	ok
merge	bc3347ec24ab4f94	7a5783769f274831	ok
merge	0b2adea5e3d9447c	7a5783769f274831	ok
merge	6d9ca4f7eb0b465c	a4311ba3ee4947e2	ok
merge	09a8edab60de4cbe	a4311ba3ee4947e2	ok
merge	a42c59adf750483c	a4311ba3ee4947e2	ok
merge	c6c00baface642a9	bbac666d6dab4cd4	ok
merge	4e1e063e05b849db	4677e08d6af7460f	ok
merge	4d2a1d772ff04b7a	bbac666d6dab4cd4	ok
merge	5b51aef72e6e4444	8065ac5a4e6d42a2	ok
merge	d45a7aff73a64ee2	0a3cd266fd3e4d3c	ok
merge	90448bc1da0e4b90	646f2824297b4dea	ok
merge	b00915b0b9074832	7a5783769f274831	ok
merge	d277351ac2c8423e	7a5783769f274831	ok
merge	2da8a302e7c8421d	7a5783769f274831	ok
merge	bd7d2d15b4004ae2	a4311ba3ee4947e2	ok
merge	40ecfb6d705146cc	7a5783769f274831	ok
merge	2d3298e287e04098	7a5783769f274831	ok
merge	84fcadd309f94e97	7a5783769f274831	ok
merge	4f33e40db2214644	7a5783769f274831	ok
merge	34de713873a04225	646f2824297b4dea	ok
merge	11453294749f4d35	646f2824297b4dea	ok
merge	7c9757f52e8a4791	646f2824297b4dea	ok
merge	b6a385923ee24698	eb704ba84465444c	ok
merge	b2513aa79c584b8a	7a5783769f274831	ok
merge	bbd28d12ce3346c0	7a5783769f274831	ok
merge	eca7f4ebb831410a	646f2824297b4dea	ok
merge	cf91a3874f234e9b	7a5783769f274831	ok
merge	1887e9a971a04bb3	a7a931302dfe43d3	ok
merge	27eaeeda5a3b4ae4	a7a931302dfe43d3	ok
merge	a1705bcb5e4a457a	bbac666d6dab4cd4	ok
merge	29cdb8bbf8894e26	f151b4bf87484683	ok
merge	6e937be43bc04672	a7a931302dfe43d3	ok
merge	809f82764eeb4dd4	a7a931302dfe43d3	ok
merge	2d6de3b0f7664383	a7a931302dfe43d3	ok
merge	6e1f1806bf5c4cad	a7a931302dfe43d3	ok
merge	2b091b99aaf74c56	a7a931302dfe43d3	ok
merge	5b803b1e495b4d3e	a7a931302dfe43d3	ok
merge	c102f5c99a4d4a7e	a7a931302dfe43d3	ok
merge	df5f2aabcf0c4709	75b4df403fd6417d	ok
merge	76f3bcd587e042de	bbac666d6dab4cd4	ok
merge	db2245fa4ea541e1	bbac666d6dab4cd4	ok
merge	ee45096081cc43bd	0a3cd266fd3e4d3c	ok
merge	8c693d9173794547	bb3ff4b7ac7a44f0	ok
merge	415dd0acfbe94e41	eedbace9f79f45b8	ok
merge	3bc3440e4aa54b3f	bbac666d6dab4cd4	ok
merge	74cbce35a90b4b06	0a3cd266fd3e4d3c	ok
merge	124a75ab2f924ed4	0a3cd266fd3e4d3c	ok
merge	97b022e501e94f07	a7a931302dfe43d3	ok
merge	787c2e0318484bf3	73771974f104419b	ok
merge	ba4349884f7a44ed	75b4df403fd6417d	ok
merge	f11a736b988648b4	eedbace9f79f45b8	ok
merge	7305c31211754b93	4677e08d6af7460f	ok
merge	2ba6c4b876c04bde	a7a931302dfe43d3	ok
merge	dff41d3799294765	a7a931302dfe43d3	ok
merge	85357c5d5e884fa5	eedbace9f79f45b8	ok
merge	b0c0c44439c74ca6	75b4df403fd6417d	ok
merge	7d7076906fcf4ebe	73771974f104419b	ok
merge	c4a49e49f5c74bbe	0a3cd266fd3e4d3c	ok
merge	1b6eac96e28a49c7	75b4df403fd6417d	ok
merge	a398929b9095477c	73771974f104419b	ok
merge	215308be9b254306	42916ddf31ad4deb	ok
merge	1373e527e4e34e69	73771974f104419b	ok
merge	54d3eda68c7b404b	4677e08d6af7460f	ok
merge	05c27653d8534b2b	bbac666d6dab4cd4	ok
merge	446cf52806c24cfe	73771974f104419b	ok
merge	55236e5fbba845ad	0a3cd266fd3e4d3c	ok
merge	b278c524916e473e	9b343c2c0d34441e	ok
merge	fc619f7089bb434c	bbac666d6dab4cd4	ok
merge	8571451910854e05	bb3ff4b7ac7a44f0	ok
merge	3c402867acc24346	bbac666d6dab4cd4	ok
merge	6cc34e93a93f4fb4	0a3cd266fd3e4d3c	ok
merge	63bf900746674b95	0a3cd266fd3e4d3c	ok
merge	d0767703f2a340ef	0a3cd266fd3e4d3c	ok
merge	38ed16776b12487c	0a3cd266fd3e4d3c	ok
merge	690108f473654475	bbac666d6dab4cd4	ok
merge	93ae9ae6a20245c4	0a3cd266fd3e4d3c	ok
merge	cbc373e285fb4af8	eedbace9f79f45b8	ok
merge	943d16b59bcb40ca	45abc0586d5e44db	ok
merge	984a77f633254acd	45abc0586d5e44db	ok
merge	ab266df44af1495f	45abc0586d5e44db	ok
merge	cb1d0c712a1b4784	45abc0586d5e44db	ok
merge	f6aad31c505c4acf	45abc0586d5e44db	ok
merge	a250cba9ea754cb2	0a3cd266fd3e4d3c	ok
merge	70d1e5119e0b4024	eedbace9f79f45b8	ok
merge	d8d21c440a6844b3	0a3cd266fd3e4d3c	ok
merge	444edad9a9794892	eedbace9f79f45b8	ok
merge	da6a16bd8c83417f	75b4df403fd6417d	ok
merge	79eac31f593f46a6	75b4df403fd6417d	ok
merge	64cc27d473e64ac8	4677e08d6af7460f	ok
merge	9d4afd4171d74c09	0a3cd266fd3e4d3c	ok
merge	f28ef2fbcd734a40	73771974f104419b	ok
merge	1634027a561e40e1	0a3cd266fd3e4d3c	ok
merge	329228153e6a4b04	4677e08d6af7460f	ok
merge	8d44bdfa323a411c	0a3cd266fd3e4d3c	ok
merge	10353b46bb794b2b	0a3cd266fd3e4d3c	ok
merge	a1e92d488f744754	75b4df403fd6417d	ok
merge	0d146b498aa04cc9	0a3cd266fd3e4d3c	ok
merge	9ebe13251f294784	0a3cd266fd3e4d3c	ok
merge	7fa0f5e877af491f	42916ddf31ad4deb	ok
merge	e15c4dbfac58485b	42916ddf31ad4deb	ok
merge	0f88ee25a2744b62	42916ddf31ad4deb	ok
merge	955c992554864d62	42916ddf31ad4deb	ok
name	eb704ba84465444c	mom`s legs	ok
name	1bbae394265446b7	entry door	ok
name	44f349f5ca194fbb	cola desk	ok
name	8065ac5a4e6d42a2	dad`s purple bottle	ok
name	12c8682e0be14066	balcony door	ok
name	b86e26a226db4728	clock	ok
name	e6cb6fbcb8c64425	cupboard	ok
name	bbac666d6dab4cd4	dad's chair	ok
name	88ee1f36c2724dd1	kitchen door	ok
name	01b1dfab1bce485c	ordis work bag	ok
name	fd2444c3435a4e1d	brain	ok
name	4f000929fb7e4800	work monitor	ok
name	edc2e0e65a8b44b8	power strip	ok
name	bb3ff4b7ac7a44f0	dad`s tool wall	ok
name	0a3cd266fd3e4d3c	dad	ok
name	4677e08d6af7460f	left speaker	ok
name	a4311ba3ee4947e2	heater	ok
name	646f2824297b4dea	mom`s shoe	ok
name	f151b4bf87484683	blue picture	ok
name	eeda1f599e6149d0	giant egg	ok
name	b104750abc5c4c02	dad`s monitor	ok
